datetime,path,source,status,bytes_in,bytes_out,msg
2025-10-02T20:33:28,imagesnew1/lens/lens1/AEL0001_アイエクリプス_グレムーン_1day_lens.jpg,https://raw.githubusercontent.com/y4m4usr/HL001-quiz-karacon-academia-new/e2cbacf2d8d24222662151e6c4ed3edab7444774/imagesnew1/lens/lens1/AEL0001_アイエクリプス_グレムーン_1day_lens.jpg,NG,606984,0,decode/reencode failed
2025-10-02T20:33:28,imagesnew1/lens/lens1/AEL0001_アイエクリプス_ブルムーン_1day_lens.jpg,https://raw.githubusercontent.com/y4m4usr/HL001-quiz-karacon-academia-new/e2cbacf2d8d24222662151e6c4ed3edab7444774/imagesnew1/lens/lens1/AEL0001_アイエクリプス_ブルムーン_1day_lens.jpg,NG,606472,0,decode/reencode failed
2025-10-02T20:33:28,imagesnew1/lens/lens1/AEL0001_アイエクリプス_ライトムーン_1day_lens.jpg,https://raw.githubusercontent.com/y4m4usr/HL001-quiz-karacon-academia-new/e2cbacf2d8d24222662151e6c4ed3edab7444774/imagesnew1/lens/lens1/AEL0001_アイエクリプス_ライトムーン_1day_lens.jpg,NG,606709,0,decode/reencode failed
2025-10-02T20:33:29,imagesnew1/lens/lens1/AEL0002_アイエクリプス_サターン_1day_lens.jpg,https://raw.githubusercontent.com/y4m4usr/HL001-quiz-karacon-academia-new/e2cbacf2d8d24222662151e6c4ed3edab7444774/imagesnew1/lens/lens1/AEL0002_アイエクリプス_サターン_1day_lens.jpg,NG,606618,0,decode/reencode failed
2025-10-02T20:33:29,imagesnew1/lens/lens1/AEL0002_アイエクリプス_ブラムーン_1day_lens.jpg,https://raw.githubusercontent.com/y4m4usr/HL001-quiz-karacon-academia-new/e2cbacf2d8d24222662151e6c4ed3edab7444774/imagesnew1/lens/lens1/AEL0002_アイエクリプス_ブラムーン_1day_lens.jpg,NG,607050,0,decode/reencode failed
2025-10-02T20:33:29,imagesnew1/lens/lens1/AEL0003_アイエクリプス_グレムーン_1month_lens.jpg,https://raw.githubusercontent.com/y4m4usr/HL001-quiz-karacon-academia-new/e2cbacf2d8d24222662151e6c4ed3edab7444774/imagesnew1/lens/lens1/AEL0003_アイエクリプス_グレムーン_1month_lens.jpg,NG,606817,0,decode/reencode failed
2025-10-02T20:33:30,imagesnew1/lens/lens1/AG0003_バンビシリーズ_アーモンド_1day_lens.jpg,https://raw.githubusercontent.com/y4m4usr/HL001-quiz-karacon-academia-new/e2cbacf2d8d24222662151e6c4ed3edab7444774/imagesnew1/lens/lens1/AG0003_バンビシリーズ_アーモンド_1day_lens.jpg,NG,606722,0,decode/reencode failed
2025-10-02T20:33:30,imagesnew1/lens/lens1/AG0003_バンビシリーズ_カシスブラウン_1day_lens.jpg,https://raw.githubusercontent.com/y4m4usr/HL001-quiz-karacon-academia-new/e2cbacf2d8d24222662151e6c4ed3edab7444774/imagesnew1/lens/lens1/AG0003_バンビシリーズ_カシスブラウン_1day_lens.jpg,NG,606790,0,decode/reencode failed
2025-10-02T20:33:30,imagesnew1/lens/lens1/AG0003_バンビシリーズ_クリームピンク_1day_lens.jpg,https://raw.githubusercontent.com/y4m4usr/HL001-quiz-karacon-academia-new/e2cbacf2d8d24222662151e6c4ed3edab7444774/imagesnew1/lens/lens1/AG0003_バンビシリーズ_クリームピンク_1day_lens.jpg,NG,606498,0,decode/reencode failed
2025-10-02T20:33:31,imagesnew1/lens/lens1/AG0003_バンビシリーズ_ショコラ_1day_lens.jpg,https://raw.githubusercontent.com/y4m4usr/HL001-quiz-karacon-academia-new/e2cbacf2d8d24222662151e6c4ed3edab7444774/imagesnew1/lens/lens1/AG0003_バンビシリーズ_ショコラ_1day_lens.jpg,NG,606558,0,decode/reencode failed
2025-10-02T20:33:31,imagesnew1/lens/lens1/AG0003_バンビシリーズ_スワングレー_1day_lens.jpg,https://raw.githubusercontent.com/y4m4usr/HL001-quiz-karacon-academia-new/e2cbacf2d8d24222662151e6c4ed3edab7444774/imagesnew1/lens/lens1/AG0003_バンビシリーズ_スワングレー_1day_lens.jpg,NG,607042,0,decode/reencode failed
2025-10-02T20:33:31,imagesnew1/lens/lens1/AG0003_バンビシリーズ_スワンブルー_1day_lens.jpg,https://raw.githubusercontent.com/y4m4usr/HL001-quiz-karacon-academia-new/e2cbacf2d8d24222662151e6c4ed3edab7444774/imagesnew1/lens/lens1/AG0003_バンビシリーズ_スワンブルー_1day_lens.jpg,NG,606697,0,decode/reencode failed
2025-10-02T20:33:32,imagesnew1/lens/lens1/AG0003_バンビシリーズ_パールグレー_1day_lens.jpg,https://raw.githubusercontent.com/y4m4usr/HL001-quiz-karacon-academia-new/e2cbacf2d8d24222662151e6c4ed3edab7444774/imagesnew1/lens/lens1/AG0003_バンビシリーズ_パールグレー_1day_lens.jpg,NG,606734,0,decode/reencode failed
2025-10-02T20:33:32,imagesnew1/lens/lens1/AG0003_バンビシリーズ_ミルクベージュ_1day_lens.jpg,https://raw.githubusercontent.com/y4m4usr/HL001-quiz-karacon-academia-new/e2cbacf2d8d24222662151e6c4ed3edab7444774/imagesnew1/lens/lens1/AG0003_バンビシリーズ_ミルクベージュ_1day_lens.jpg,NG,606643,0,decode/reencode failed
2025-10-02T20:33:32,imagesnew1/lens/lens1/AG0003_バンビシリーズ_レモンヘーゼル_1day_lens.jpg,https://raw.githubusercontent.com/y4m4usr/HL001-quiz-karacon-academia-new/e2cbacf2d8d24222662151e6c4ed3edab7444774/imagesnew1/lens/lens1/AG0003_バンビシリーズ_レモンヘーゼル_1day_lens.jpg,NG,606718,0,decode/reencode failed
2025-10-02T20:33:32,imagesnew1/lens/lens1/AG0005_バンビシリーズ_アーモンド_1month_lens.jpg,https://raw.githubusercontent.com/y4m4usr/HL001-quiz-karacon-academia-new/e2cbacf2d8d24222662151e6c4ed3edab7444774/imagesnew1/lens/lens1/AG0005_バンビシリーズ_アーモンド_1month_lens.jpg,NG,606634,0,decode/reencode failed
2025-10-02T20:33:33,imagesnew1/lens/lens1/AG0005_バンビシリーズ_スワングレー_1month_lens.jpg,https://raw.githubusercontent.com/y4m4usr/HL001-quiz-karacon-academia-new/e2cbacf2d8d24222662151e6c4ed3edab7444774/imagesnew1/lens/lens1/AG0005_バンビシリーズ_スワングレー_1month_lens.jpg,NG,606645,0,decode/reencode failed
2025-10-02T20:33:33,imagesnew1/lens/lens1/AG0005_バンビシリーズ_スワンブルー_1month_lens.jpg,https://raw.githubusercontent.com/y4m4usr/HL001-quiz-karacon-academia-new/e2cbacf2d8d24222662151e6c4ed3edab7444774/imagesnew1/lens/lens1/AG0005_バンビシリーズ_スワンブルー_1month_lens.jpg,NG,606586,0,decode/reencode failed
2025-10-02T20:33:33,imagesnew1/lens/lens1/AG0007_バンビシリーズ_セサミムーン_1day_lens.jpg,https://raw.githubusercontent.com/y4m4usr/HL001-quiz-karacon-academia-new/e2cbacf2d8d24222662151e6c4ed3edab7444774/imagesnew1/lens/lens1/AG0007_バンビシリーズ_セサミムーン_1day_lens.jpg,NG,606921,0,decode/reencode failed
2025-10-02T20:33:34,imagesnew1/lens/lens1/AG0007_バンビシリーズ_ハニームーン_1day_lens.jpg,https://raw.githubusercontent.com/y4m4usr/HL001-quiz-karacon-academia-new/e2cbacf2d8d24222662151e6c4ed3edab7444774/imagesnew1/lens/lens1/AG0007_バンビシリーズ_ハニームーン_1day_lens.jpg,NG,606698,0,decode/reencode failed
2025-10-02T20:33:34,imagesnew1/lens/lens1/AG0007_バンビシリーズ_ブルーベリームーン_1day_lens.jpg,https://raw.githubusercontent.com/y4m4usr/HL001-quiz-karacon-academia-new/e2cbacf2d8d24222662151e6c4ed3edab7444774/imagesnew1/lens/lens1/AG0007_バンビシリーズ_ブルーベリームーン_1day_lens.jpg,NG,606672,0,decode/reencode failed
2025-10-02T20:33:34,imagesnew1/lens/lens1/AG0021_バンビシリーズ ヴィンテージ_ヴィンテージクラシック_1day_lens.jpg,https://raw.githubusercontent.com/y4m4usr/HL001-quiz-karacon-academia-new/e2cbacf2d8d24222662151e6c4ed3edab7444774/imagesnew1/lens/lens1/AG0021_バンビシリーズ ヴィンテージ_ヴィンテージクラシック_1day_lens.jpg,NG,606462,0,decode/reencode failed
2025-10-02T20:33:35,imagesnew1/lens/lens1/AG0021_バンビシリーズ ヴィンテージ_ヴィンテージグレー_1day_lens.jpg,https://raw.githubusercontent.com/y4m4usr/HL001-quiz-karacon-academia-new/e2cbacf2d8d24222662151e6c4ed3edab7444774/imagesnew1/lens/lens1/AG0021_バンビシリーズ ヴィンテージ_ヴィンテージグレー_1day_lens.jpg,NG,606841,0,decode/reencode failed
2025-10-02T20:33:35,imagesnew1/lens/lens1/AG0021_バンビシリーズ ヴィンテージ_ヴィンテージグレージュ_1day_lens.jpg,https://raw.githubusercontent.com/y4m4usr/HL001-quiz-karacon-academia-new/e2cbacf2d8d24222662151e6c4ed3edab7444774/imagesnew1/lens/lens1/AG0021_バンビシリーズ ヴィンテージ_ヴィンテージグレージュ_1day_lens.jpg,NG,606886,0,decode/reencode failed
2025-10-02T20:33:35,imagesnew1/lens/lens1/AG0021_バンビシリーズ ヴィンテージ_ヴィンテージセージ_1day_lens.jpg,https://raw.githubusercontent.com/y4m4usr/HL001-quiz-karacon-academia-new/e2cbacf2d8d24222662151e6c4ed3edab7444774/imagesnew1/lens/lens1/AG0021_バンビシリーズ ヴィンテージ_ヴィンテージセージ_1day_lens.jpg,NG,607962,0,decode/reencode failed
2025-10-02T20:33:36,imagesnew1/lens/lens1/AG0021_バンビシリーズ ヴィンテージ_ヴィンテージピスタチオ_1day_lens.jpg,https://raw.githubusercontent.com/y4m4usr/HL001-quiz-karacon-academia-new/e2cbacf2d8d24222662151e6c4ed3edab7444774/imagesnew1/lens/lens1/AG0021_バンビシリーズ ヴィンテージ_ヴィンテージピスタチオ_1day_lens.jpg,NG,606818,0,decode/reencode failed
2025-10-02T20:33:36,imagesnew1/lens/lens1/AG0021_バンビシリーズ ヴィンテージ_ヴィンテージベアー_1day_lens.jpg,https://raw.githubusercontent.com/y4m4usr/HL001-quiz-karacon-academia-new/e2cbacf2d8d24222662151e6c4ed3edab7444774/imagesnew1/lens/lens1/AG0021_バンビシリーズ ヴィンテージ_ヴィンテージベアー_1day_lens.jpg,NG,606547,0,decode/reencode failed
2025-10-02T20:33:36,imagesnew1/lens/lens1/AG0021_バンビシリーズ ヴィンテージ_ヴィンテージヘーゼル_1day_lens.jpg,https://raw.githubusercontent.com/y4m4usr/HL001-quiz-karacon-academia-new/e2cbacf2d8d24222662151e6c4ed3edab7444774/imagesnew1/lens/lens1/AG0021_バンビシリーズ ヴィンテージ_ヴィンテージヘーゼル_1day_lens.jpg,NG,606748,0,decode/reencode failed
2025-10-02T20:33:37,imagesnew1/lens/lens1/AG0021_バンビシリーズ ヴィンテージ_ヴィンテージラベンダー_1day_lens.jpg,https://raw.githubusercontent.com/y4m4usr/HL001-quiz-karacon-academia-new/e2cbacf2d8d24222662151e6c4ed3edab7444774/imagesnew1/lens/lens1/AG0021_バンビシリーズ ヴィンテージ_ヴィンテージラベンダー_1day_lens.jpg,NG,606543,0,decode/reencode failed
2025-10-02T20:33:37,imagesnew1/lens/lens1/AG0021_バンビシリーズ ヴィンテージ_ナチュラルヌード_1day_lens.jpg,https://raw.githubusercontent.com/y4m4usr/HL001-quiz-karacon-academia-new/e2cbacf2d8d24222662151e6c4ed3edab7444774/imagesnew1/lens/lens1/AG0021_バンビシリーズ ヴィンテージ_ナチュラルヌード_1day_lens.jpg,NG,606430,0,decode/reencode failed
2025-10-02T20:33:37,imagesnew1/lens/lens1/AG0021_バンビシリーズ ヴィンテージ_ナチュラルブラウン_1day_lens.jpg,https://raw.githubusercontent.com/y4m4usr/HL001-quiz-karacon-academia-new/e2cbacf2d8d24222662151e6c4ed3edab7444774/imagesnew1/lens/lens1/AG0021_バンビシリーズ ヴィンテージ_ナチュラルブラウン_1day_lens.jpg,NG,606942,0,decode/reencode failed
2025-10-02T20:33:37,imagesnew1/lens/lens1/AG0021_バンビシリーズ ヴィンテージ_ピュアブラウン_1day_lens.jpg,https://raw.githubusercontent.com/y4m4usr/HL001-quiz-karacon-academia-new/e2cbacf2d8d24222662151e6c4ed3edab7444774/imagesnew1/lens/lens1/AG0021_バンビシリーズ ヴィンテージ_ピュアブラウン_1day_lens.jpg,NG,606238,0,decode/reencode failed
2025-10-02T20:33:38,imagesnew1/lens/lens1/AMU0001_アミュリー_テディボア_1day_lens.jpg,https://raw.githubusercontent.com/y4m4usr/HL001-quiz-karacon-academia-new/e2cbacf2d8d24222662151e6c4ed3edab7444774/imagesnew1/lens/lens1/AMU0001_アミュリー_テディボア_1day_lens.jpg,NG,606493,0,decode/reencode failed
2025-10-02T20:33:38,imagesnew1/lens/lens1/AMU0001_アミュリー_トフィークラウン_1day_lens.jpg,https://raw.githubusercontent.com/y4m4usr/HL001-quiz-karacon-academia-new/e2cbacf2d8d24222662151e6c4ed3edab7444774/imagesnew1/lens/lens1/AMU0001_アミュリー_トフィークラウン_1day_lens.jpg,NG,606529,0,decode/reencode failed
2025-10-02T20:33:38,imagesnew1/lens/lens1/AMU0001_アミュリー_ブランデーメリィ_1day_lens.jpg,https://raw.githubusercontent.com/y4m4usr/HL001-quiz-karacon-academia-new/e2cbacf2d8d24222662151e6c4ed3edab7444774/imagesnew1/lens/lens1/AMU0001_アミュリー_ブランデーメリィ_1day_lens.jpg,NG,606417,0,decode/reencode failed
2025-10-02T20:33:39,imagesnew1/lens/lens1/AMU0001_アミュリー_ミュウグリス_1day_lens.jpg,https://raw.githubusercontent.com/y4m4usr/HL001-quiz-karacon-academia-new/e2cbacf2d8d24222662151e6c4ed3edab7444774/imagesnew1/lens/lens1/AMU0001_アミュリー_ミュウグリス_1day_lens.jpg,NG,606840,0,decode/reencode failed
2025-10-02T20:33:39,imagesnew1/lens/lens1/BA0001_バブリス_アメリーブラウン_1day_lens.jpg,https://raw.githubusercontent.com/y4m4usr/HL001-quiz-karacon-academia-new/e2cbacf2d8d24222662151e6c4ed3edab7444774/imagesnew1/lens/lens1/BA0001_バブリス_アメリーブラウン_1day_lens.jpg,NG,606720,0,decode/reencode failed
2025-10-02T20:33:39,imagesnew1/lens/lens1/BA0001_バブリス_ダーリーグレージュ_1day_lens.jpg,https://raw.githubusercontent.com/y4m4usr/HL001-quiz-karacon-academia-new/e2cbacf2d8d24222662151e6c4ed3edab7444774/imagesnew1/lens/lens1/BA0001_バブリス_ダーリーグレージュ_1day_lens.jpg,NG,606457,0,decode/reencode failed
2025-10-02T20:33:40,imagesnew1/lens/lens1/BA0001_バブリス_ダーリーベージュ_1day_lens.jpg,https://raw.githubusercontent.com/y4m4usr/HL001-quiz-karacon-academia-new/e2cbacf2d8d24222662151e6c4ed3edab7444774/imagesnew1/lens/lens1/BA0001_バブリス_ダーリーベージュ_1day_lens.jpg,NG,607066,0,decode/reencode failed
2025-10-02T20:33:40,imagesnew1/lens/lens1/BA0001_バブリス_ルナリーグレー_1day_lens.jpg,https://raw.githubusercontent.com/y4m4usr/HL001-quiz-karacon-academia-new/e2cbacf2d8d24222662151e6c4ed3edab7444774/imagesnew1/lens/lens1/BA0001_バブリス_ルナリーグレー_1day_lens.jpg,NG,607068,0,decode/reencode failed
2025-10-02T20:33:40,imagesnew1/lens/lens1/CHM0001_チューズミー_エッセンスベージュ_1day_lens.jpg,https://raw.githubusercontent.com/y4m4usr/HL001-quiz-karacon-academia-new/e2cbacf2d8d24222662151e6c4ed3edab7444774/imagesnew1/lens/lens1/CHM0001_チューズミー_エッセンスベージュ_1day_lens.jpg,NG,606565,0,decode/reencode failed
2025-10-02T20:33:41,imagesnew1/lens/lens1/CHM0001_チューズミー_グロスブラウン_1day_lens.jpg,https://raw.githubusercontent.com/y4m4usr/HL001-quiz-karacon-academia-new/e2cbacf2d8d24222662151e6c4ed3edab7444774/imagesnew1/lens/lens1/CHM0001_チューズミー_グロスブラウン_1day_lens.jpg,NG,606835,0,decode/reencode failed
2025-10-02T20:33:41,imagesnew1/lens/lens1/CHM0001_チューズミー_シフォンブラウン_1day_lens.jpg,https://raw.githubusercontent.com/y4m4usr/HL001-quiz-karacon-academia-new/e2cbacf2d8d24222662151e6c4ed3edab7444774/imagesnew1/lens/lens1/CHM0001_チューズミー_シフォンブラウン_1day_lens.jpg,NG,606589,0,decode/reencode failed
2025-10-02T20:33:41,imagesnew1/lens/lens1/CHM0001_チューズミー_セラムグレー_1day_lens.jpg,https://raw.githubusercontent.com/y4m4usr/HL001-quiz-karacon-academia-new/e2cbacf2d8d24222662151e6c4ed3edab7444774/imagesnew1/lens/lens1/CHM0001_チューズミー_セラムグレー_1day_lens.jpg,NG,606816,0,decode/reencode failed
2025-10-02T20:33:41,imagesnew1/lens/lens1/CHM0001_チューズミー_チョコブラウン_1day_lens.jpg,https://raw.githubusercontent.com/y4m4usr/HL001-quiz-karacon-academia-new/e2cbacf2d8d24222662151e6c4ed3edab7444774/imagesnew1/lens/lens1/CHM0001_チューズミー_チョコブラウン_1day_lens.jpg,NG,606582,0,decode/reencode failed
2025-10-02T20:33:42,imagesnew1/lens/lens1/CHM0001_チューズミー_ティアーオリーブ_1day_lens.jpg,https://raw.githubusercontent.com/y4m4usr/HL001-quiz-karacon-academia-new/e2cbacf2d8d24222662151e6c4ed3edab7444774/imagesnew1/lens/lens1/CHM0001_チューズミー_ティアーオリーブ_1day_lens.jpg,NG,606844,0,decode/reencode failed
2025-10-02T20:33:42,imagesnew1/lens/lens1/CHM0001_チューズミー_ハニーベージュ_1day_lens.jpg,https://raw.githubusercontent.com/y4m4usr/HL001-quiz-karacon-academia-new/e2cbacf2d8d24222662151e6c4ed3edab7444774/imagesnew1/lens/lens1/CHM0001_チューズミー_ハニーベージュ_1day_lens.jpg,NG,606866,0,decode/reencode failed
2025-10-02T20:33:43,imagesnew1/lens/lens1/CHM0001_チューズミー_ピーチブラウン_1day_lens.jpg,https://raw.githubusercontent.com/y4m4usr/HL001-quiz-karacon-academia-new/e2cbacf2d8d24222662151e6c4ed3edab7444774/imagesnew1/lens/lens1/CHM0001_チューズミー_ピーチブラウン_1day_lens.jpg,NG,606737,0,decode/reencode failed
2025-10-02T20:33:43,imagesnew1/lens/lens1/CHM0001_チューズミー_ピュアベール_1day_lens.jpg,https://raw.githubusercontent.com/y4m4usr/HL001-quiz-karacon-academia-new/e2cbacf2d8d24222662151e6c4ed3edab7444774/imagesnew1/lens/lens1/CHM0001_チューズミー_ピュアベール_1day_lens.jpg,NG,607638,0,decode/reencode failed
2025-10-02T20:33:44,imagesnew1/lens/lens1/CHM0001_チューズミー_ベイビーブラウン_1day_lens.jpg,https://raw.githubusercontent.com/y4m4usr/HL001-quiz-karacon-academia-new/e2cbacf2d8d24222662151e6c4ed3edab7444774/imagesnew1/lens/lens1/CHM0001_チューズミー_ベイビーブラウン_1day_lens.jpg,NG,606637,0,decode/reencode failed
2025-10-02T20:33:44,imagesnew1/lens/lens1/CHM0001_チューズミー_ムードグレージュ_1day_lens.jpg,https://raw.githubusercontent.com/y4m4usr/HL001-quiz-karacon-academia-new/e2cbacf2d8d24222662151e6c4ed3edab7444774/imagesnew1/lens/lens1/CHM0001_チューズミー_ムードグレージュ_1day_lens.jpg,NG,606727,0,decode/reencode failed
2025-10-02T20:33:44,imagesnew1/lens/lens1/CHM0001_チューズミー_モイストブラウン_1day_lens.jpg,https://raw.githubusercontent.com/y4m4usr/HL001-quiz-karacon-academia-new/e2cbacf2d8d24222662151e6c4ed3edab7444774/imagesnew1/lens/lens1/CHM0001_チューズミー_モイストブラウン_1day_lens.jpg,NG,606758,0,decode/reencode failed
2025-10-02T20:33:45,imagesnew1/lens/lens1/CHM0001_チューズミー_リリーベージュ_1day_lens.jpg,https://raw.githubusercontent.com/y4m4usr/HL001-quiz-karacon-academia-new/e2cbacf2d8d24222662151e6c4ed3edab7444774/imagesnew1/lens/lens1/CHM0001_チューズミー_リリーベージュ_1day_lens.jpg,NG,606398,0,decode/reencode failed
2025-10-02T20:33:45,imagesnew1/lens/lens1/CHM0002_チューズミー_シュガーグレージュ_1day_lens.jpg,https://raw.githubusercontent.com/y4m4usr/HL001-quiz-karacon-academia-new/e2cbacf2d8d24222662151e6c4ed3edab7444774/imagesnew1/lens/lens1/CHM0002_チューズミー_シュガーグレージュ_1day_lens.jpg,NG,606537,0,decode/reencode failed
2025-10-02T20:33:45,imagesnew1/lens/lens1/CHM0002_チューズミー_ホイップベリー_1day_lens.jpg,https://raw.githubusercontent.com/y4m4usr/HL001-quiz-karacon-academia-new/e2cbacf2d8d24222662151e6c4ed3edab7444774/imagesnew1/lens/lens1/CHM0002_チューズミー_ホイップベリー_1day_lens.jpg,NG,606589,0,decode/reencode failed
2025-10-02T20:33:46,imagesnew1/lens/lens1/CHM0002_チューズミー_マロンラテ_1day_lens.jpg,https://raw.githubusercontent.com/y4m4usr/HL001-quiz-karacon-academia-new/e2cbacf2d8d24222662151e6c4ed3edab7444774/imagesnew1/lens/lens1/CHM0002_チューズミー_マロンラテ_1day_lens.jpg,NG,606529,0,decode/reencode failed
2025-10-02T20:33:46,imagesnew1/lens/lens1/CHM0002_チューズミー_ミルキーチャイ_1day_lens.jpg,https://raw.githubusercontent.com/y4m4usr/HL001-quiz-karacon-academia-new/e2cbacf2d8d24222662151e6c4ed3edab7444774/imagesnew1/lens/lens1/CHM0002_チューズミー_ミルキーチャイ_1day_lens.jpg,NG,606867,0,decode/reencode failed
2025-10-02T20:33:46,imagesnew1/lens/lens1/CHM0002_チューズミー_メルティーココア_1day_lens.jpg,https://raw.githubusercontent.com/y4m4usr/HL001-quiz-karacon-academia-new/e2cbacf2d8d24222662151e6c4ed3edab7444774/imagesnew1/lens/lens1/CHM0002_チューズミー_メルティーココア_1day_lens.jpg,NG,606681,0,decode/reencode failed
2025-10-02T20:33:47,imagesnew1/lens/lens1/CHM0004_チューズミー_シフォンブラウン_1month_lens.jpg,https://raw.githubusercontent.com/y4m4usr/HL001-quiz-karacon-academia-new/e2cbacf2d8d24222662151e6c4ed3edab7444774/imagesnew1/lens/lens1/CHM0004_チューズミー_シフォンブラウン_1month_lens.jpg,NG,606697,0,decode/reencode failed
2025-10-02T20:33:47,imagesnew1/lens/lens1/CHM0004_チューズミー_ハニーベージュ_1month_lens.jpg,https://raw.githubusercontent.com/y4m4usr/HL001-quiz-karacon-academia-new/e2cbacf2d8d24222662151e6c4ed3edab7444774/imagesnew1/lens/lens1/CHM0004_チューズミー_ハニーベージュ_1month_lens.jpg,NG,606768,0,decode/reencode failed
2025-10-02T20:33:47,imagesnew1/lens/lens1/CHM0004_チューズミー_ピーチブラウン_1month_lens.jpg,https://raw.githubusercontent.com/y4m4usr/HL001-quiz-karacon-academia-new/e2cbacf2d8d24222662151e6c4ed3edab7444774/imagesnew1/lens/lens1/CHM0004_チューズミー_ピーチブラウン_1month_lens.jpg,NG,606759,0,decode/reencode failed
2025-10-02T20:33:48,imagesnew1/lens/lens1/CHM0004_チューズミー_ベイビーブラウン_1month_lens.jpg,https://raw.githubusercontent.com/y4m4usr/HL001-quiz-karacon-academia-new/e2cbacf2d8d24222662151e6c4ed3edab7444774/imagesnew1/lens/lens1/CHM0004_チューズミー_ベイビーブラウン_1month_lens.jpg,NG,606561,0,decode/reencode failed
2025-10-02T20:33:48,imagesnew1/lens/lens1/CHM0004_チューズミー_ミューテッドグレージュ_1month_lens.jpg,https://raw.githubusercontent.com/y4m4usr/HL001-quiz-karacon-academia-new/e2cbacf2d8d24222662151e6c4ed3edab7444774/imagesnew1/lens/lens1/CHM0004_チューズミー_ミューテッドグレージュ_1month_lens.jpg,NG,606237,0,decode/reencode failed
2025-10-02T20:33:48,imagesnew1/lens/lens1/CHM0004_チューズミー_メロウキャメル_1month_lens.jpg,https://raw.githubusercontent.com/y4m4usr/HL001-quiz-karacon-academia-new/e2cbacf2d8d24222662151e6c4ed3edab7444774/imagesnew1/lens/lens1/CHM0004_チューズミー_メロウキャメル_1month_lens.jpg,NG,606811,0,decode/reencode failed
2025-10-02T20:33:49,imagesnew1/lens/lens1/CHM0004_チューズミー_モイストブラウン_1month_lens.jpg,https://raw.githubusercontent.com/y4m4usr/HL001-quiz-karacon-academia-new/e2cbacf2d8d24222662151e6c4ed3edab7444774/imagesnew1/lens/lens1/CHM0004_チューズミー_モイストブラウン_1month_lens.jpg,NG,606965,0,decode/reencode failed
2025-10-02T20:33:49,imagesnew1/lens/lens1/CHP0001_シャプン_きらゆめブラウン_1day_lens.jpg,https://raw.githubusercontent.com/y4m4usr/HL001-quiz-karacon-academia-new/e2cbacf2d8d24222662151e6c4ed3edab7444774/imagesnew1/lens/lens1/CHP0001_シャプン_きらゆめブラウン_1day_lens.jpg,NG,606610,0,decode/reencode failed
2025-10-02T20:33:49,imagesnew1/lens/lens1/CHP0001_シャプン_ときとめグレー_1day_lens.jpg,https://raw.githubusercontent.com/y4m4usr/HL001-quiz-karacon-academia-new/e2cbacf2d8d24222662151e6c4ed3edab7444774/imagesnew1/lens/lens1/CHP0001_シャプン_ときとめグレー_1day_lens.jpg,NG,606799,0,decode/reencode failed
2025-10-02T20:33:50,imagesnew1/lens/lens1/CHP0001_シャプン_ときとめブラウン_1day_lens.jpg,https://raw.githubusercontent.com/y4m4usr/HL001-quiz-karacon-academia-new/e2cbacf2d8d24222662151e6c4ed3edab7444774/imagesnew1/lens/lens1/CHP0001_シャプン_ときとめブラウン_1day_lens.jpg,NG,606913,0,decode/reencode failed
2025-10-02T20:33:50,imagesnew1/lens/lens1/CHP0001_シャプン_ぬけがけグレージュ_1day_lens.jpg,https://raw.githubusercontent.com/y4m4usr/HL001-quiz-karacon-academia-new/e2cbacf2d8d24222662151e6c4ed3edab7444774/imagesnew1/lens/lens1/CHP0001_シャプン_ぬけがけグレージュ_1day_lens.jpg,NG,606691,0,decode/reencode failed
2025-10-02T20:33:50,imagesnew1/lens/lens1/CHP0002_シャプン_いとおしブラック_1day_lens.jpg,https://raw.githubusercontent.com/y4m4usr/HL001-quiz-karacon-academia-new/e2cbacf2d8d24222662151e6c4ed3edab7444774/imagesnew1/lens/lens1/CHP0002_シャプン_いとおしブラック_1day_lens.jpg,NG,606532,0,decode/reencode failed
2025-10-02T20:33:51,imagesnew1/lens/lens1/CHP0002_シャプン_ずるモテベージュ_1day_lens.jpg,https://raw.githubusercontent.com/y4m4usr/HL001-quiz-karacon-academia-new/e2cbacf2d8d24222662151e6c4ed3edab7444774/imagesnew1/lens/lens1/CHP0002_シャプン_ずるモテベージュ_1day_lens.jpg,NG,606425,0,decode/reencode failed
2025-10-02T20:33:51,imagesnew1/lens/lens1/CLR0001_チャロル_チャーナグレージュ_1day_lens.jpg,https://raw.githubusercontent.com/y4m4usr/HL001-quiz-karacon-academia-new/e2cbacf2d8d24222662151e6c4ed3edab7444774/imagesnew1/lens/lens1/CLR0001_チャロル_チャーナグレージュ_1day_lens.jpg,NG,606782,0,decode/reencode failed
2025-10-02T20:33:51,imagesnew1/lens/lens1/CLR0001_チャロル_ルアヘーゼル_1day_lens.jpg,https://raw.githubusercontent.com/y4m4usr/HL001-quiz-karacon-academia-new/e2cbacf2d8d24222662151e6c4ed3edab7444774/imagesnew1/lens/lens1/CLR0001_チャロル_ルアヘーゼル_1day_lens.jpg,NG,606877,0,decode/reencode failed
2025-10-02T20:33:52,imagesnew1/lens/lens1/CLR0001_チャロル_ロイブラウン_1day_lens.jpg,https://raw.githubusercontent.com/y4m4usr/HL001-quiz-karacon-academia-new/e2cbacf2d8d24222662151e6c4ed3edab7444774/imagesnew1/lens/lens1/CLR0001_チャロル_ロイブラウン_1day_lens.jpg,NG,606823,0,decode/reencode failed
2025-10-02T20:33:52,imagesnew1/lens/lens1/CM0009_シークレットキャンディーマジック_NO.14ヘーゼル_1month_lens.jpg,https://raw.githubusercontent.com/y4m4usr/HL001-quiz-karacon-academia-new/e2cbacf2d8d24222662151e6c4ed3edab7444774/imagesnew1/lens/lens1/CM0009_シークレットキャンディーマジック_NO.14ヘーゼル_1month_lens.jpg,NG,606540,0,decode/reencode failed
2025-10-02T20:33:52,imagesnew1/lens/lens1/CM0009_シークレットキャンディーマジック_NO.1チョコレート_1month_lens.jpg,https://raw.githubusercontent.com/y4m4usr/HL001-quiz-karacon-academia-new/e2cbacf2d8d24222662151e6c4ed3edab7444774/imagesnew1/lens/lens1/CM0009_シークレットキャンディーマジック_NO.1チョコレート_1month_lens.jpg,NG,606741,0,decode/reencode failed
2025-10-02T20:33:53,imagesnew1/lens/lens1/CM0009_シークレットキャンディーマジック_NO.5ブラック_1month_lens.jpg,https://raw.githubusercontent.com/y4m4usr/HL001-quiz-karacon-academia-new/e2cbacf2d8d24222662151e6c4ed3edab7444774/imagesnew1/lens/lens1/CM0009_シークレットキャンディーマジック_NO.5ブラック_1month_lens.jpg,NG,606966,0,decode/reencode failed
2025-10-02T20:33:53,imagesnew1/lens/lens1/CM0009_シークレットキャンディーマジック_NO.6ブラウン_1month_lens.jpg,https://raw.githubusercontent.com/y4m4usr/HL001-quiz-karacon-academia-new/e2cbacf2d8d24222662151e6c4ed3edab7444774/imagesnew1/lens/lens1/CM0009_シークレットキャンディーマジック_NO.6ブラウン_1month_lens.jpg,NG,606836,0,decode/reencode failed
2025-10-02T20:33:53,imagesnew1/lens/lens1/CM0009_シークレットキャンディーマジック_NO.9ブラウン_1month_lens.jpg,https://raw.githubusercontent.com/y4m4usr/HL001-quiz-karacon-academia-new/e2cbacf2d8d24222662151e6c4ed3edab7444774/imagesnew1/lens/lens1/CM0009_シークレットキャンディーマジック_NO.9ブラウン_1month_lens.jpg,NG,608020,0,decode/reencode failed
2025-10-02T20:33:54,imagesnew1/lens/lens1/CM0009_シークレットキャンディーマジック_クリアグレー_1month_lens.jpg,https://raw.githubusercontent.com/y4m4usr/HL001-quiz-karacon-academia-new/e2cbacf2d8d24222662151e6c4ed3edab7444774/imagesnew1/lens/lens1/CM0009_シークレットキャンディーマジック_クリアグレー_1month_lens.jpg,NG,606484,0,decode/reencode failed
2025-10-02T20:33:54,imagesnew1/lens/lens1/CM0009_シークレットキャンディーマジック_シマーブラウン_1month_lens.jpg,https://raw.githubusercontent.com/y4m4usr/HL001-quiz-karacon-academia-new/e2cbacf2d8d24222662151e6c4ed3edab7444774/imagesnew1/lens/lens1/CM0009_シークレットキャンディーマジック_シマーブラウン_1month_lens.jpg,NG,606893,0,decode/reencode failed
2025-10-02T20:33:54,imagesnew1/lens/lens1/CM0009_シークレットキャンディーマジック_バターブラウン_1month_lens.jpg,https://raw.githubusercontent.com/y4m4usr/HL001-quiz-karacon-academia-new/e2cbacf2d8d24222662151e6c4ed3edab7444774/imagesnew1/lens/lens1/CM0009_シークレットキャンディーマジック_バターブラウン_1month_lens.jpg,NG,606529,0,decode/reencode failed
2025-10-02T20:33:55,imagesnew1/lens/lens1/CM0009_シークレットキャンディーマジック_バニラブラウン_1month_lens.jpg,https://raw.githubusercontent.com/y4m4usr/HL001-quiz-karacon-academia-new/e2cbacf2d8d24222662151e6c4ed3edab7444774/imagesnew1/lens/lens1/CM0009_シークレットキャンディーマジック_バニラブラウン_1month_lens.jpg,NG,606999,0,decode/reencode failed
2025-10-02T20:33:55,imagesnew1/lens/lens1/CM0009_シークレットキャンディーマジック_ピンクベージュ_1month_lens.jpg,https://raw.githubusercontent.com/y4m4usr/HL001-quiz-karacon-academia-new/e2cbacf2d8d24222662151e6c4ed3edab7444774/imagesnew1/lens/lens1/CM0009_シークレットキャンディーマジック_ピンクベージュ_1month_lens.jpg,NG,606874,0,decode/reencode failed
2025-10-02T20:33:55,imagesnew1/lens/lens1/CM0009_シークレットキャンディーマジック_プルモグレー_1month_lens.jpg,https://raw.githubusercontent.com/y4m4usr/HL001-quiz-karacon-academia-new/e2cbacf2d8d24222662151e6c4ed3edab7444774/imagesnew1/lens/lens1/CM0009_シークレットキャンディーマジック_プルモグレー_1month_lens.jpg,NG,606435,0,decode/reencode failed
2025-10-02T20:33:56,imagesnew1/lens/lens1/CM0009_シークレットキャンディーマジック_モモピンク_1month_lens.jpg,https://raw.githubusercontent.com/y4m4usr/HL001-quiz-karacon-academia-new/e2cbacf2d8d24222662151e6c4ed3edab7444774/imagesnew1/lens/lens1/CM0009_シークレットキャンディーマジック_モモピンク_1month_lens.jpg,NG,606575,0,decode/reencode failed
2025-10-02T20:33:56,imagesnew1/lens/lens1/CM0009_シークレットキャンディーマジック_ラテベージュ_1month_lens.jpg,https://raw.githubusercontent.com/y4m4usr/HL001-quiz-karacon-academia-new/e2cbacf2d8d24222662151e6c4ed3edab7444774/imagesnew1/lens/lens1/CM0009_シークレットキャンディーマジック_ラテベージュ_1month_lens.jpg,NG,606646,0,decode/reencode failed
2025-10-02T20:33:56,imagesnew1/lens/lens1/CM0011_シークレットキャンディーマジック_グレージュ_1month_lens.jpg,https://raw.githubusercontent.com/y4m4usr/HL001-quiz-karacon-academia-new/e2cbacf2d8d24222662151e6c4ed3edab7444774/imagesnew1/lens/lens1/CM0011_シークレットキャンディーマジック_グレージュ_1month_lens.jpg,NG,606594,0,decode/reencode failed
2025-10-02T20:33:56,imagesnew1/lens/lens1/CM0011_シークレットキャンディーマジック_ダークモカ_1month_lens.jpg,https://raw.githubusercontent.com/y4m4usr/HL001-quiz-karacon-academia-new/e2cbacf2d8d24222662151e6c4ed3edab7444774/imagesnew1/lens/lens1/CM0011_シークレットキャンディーマジック_ダークモカ_1month_lens.jpg,NG,606465,0,decode/reencode failed
2025-10-02T20:33:57,imagesnew1/lens/lens1/CM0019_キャンディーマジック_アリアナヘーゼル_1month_lens.jpg,https://raw.githubusercontent.com/y4m4usr/HL001-quiz-karacon-academia-new/e2cbacf2d8d24222662151e6c4ed3edab7444774/imagesnew1/lens/lens1/CM0019_キャンディーマジック_アリアナヘーゼル_1month_lens.jpg,NG,606581,0,decode/reencode failed
